method,target,split,n,cov90,mean_width,crps,pit_ks,pit_below_05,pit_above_95
MC-dropout,WW,val,1600,0.52,182.0,78.1,0.207,0.233,0.217
MC-dropout,WW,test,1604,0.607,197.6,79.2,0.232,0.272,0.102
Gaussian-NLL ensemble,WW,val,1600,0.645,239.2,77.1,0.216,0.198,0.132
Gaussian-NLL ensemble,WW,test,1604,0.587,230.0,99.6,0.387,0.339,0.046
MC-dropout,HPT_SV,val,1600,0.673,596.1,162.0,0.292,0.247,0.054
MC-dropout,HPT_SV,test,1604,0.281,632.5,527.5,0.668,0.682,0.013
Gaussian-NLL ensemble,HPT_SV,val,1600,0.795,764.8,144.4,0.249,0.165,0.009
Gaussian-NLL ensemble,HPT_SV,test,1604,0.432,787.5,483.0,0.553,0.538,0.003
MC-dropout,HPC_SV,val,1600,0.781,1350.7,342.8,0.144,0.174,0.034
MC-dropout,HPC_SV,test,1604,0.186,1697.7,2572.4,0.779,0.807,0.001
Gaussian-NLL ensemble,HPC_SV,val,1600,0.874,1703.7,349.4,0.272,0.114,0.009
Gaussian-NLL ensemble,HPC_SV,test,1604,0.235,1596.5,2989.2,0.757,0.763,0.0
