construction,target,buffer_mean,cov_two_sided,cov_lower_only
symmetric,WW,150.5,0.948,0.948
one_sided,WW,102.0,,0.806
one_sided_matched,WW,130.6,,0.903
normalized,WW,151.2,0.938,0.938
parametric_gaussian,WW,142.1,0.928,0.928
nex_scp,WW,118.7,0.865,0.865
cqr,WW,160.1,0.954,0.956
normalized_covariate,WW,180.9,0.899,0.899
symmetric,HPT_SV,231.5,0.473,0.473
one_sided,HPT_SV,112.5,,0.221
one_sided_matched,HPT_SV,135.7,,0.277
normalized,HPT_SV,231.0,0.471,0.471
parametric_gaussian,HPT_SV,212.4,0.436,0.436
nex_scp,HPT_SV,143.7,0.3,0.3
cqr,HPT_SV,104.0,0.222,0.222
normalized_covariate,HPT_SV,334.6,0.565,0.565
symmetric,HPC_SV,393.2,0.167,0.167
one_sided,HPC_SV,338.2,,0.13
one_sided_matched,HPC_SV,385.8,,0.161
normalized,HPC_SV,370.9,0.167,0.167
parametric_gaussian,HPC_SV,457.9,0.218,0.218
nex_scp,HPC_SV,407.9,0.179,0.179
cqr,HPC_SV,385.1,0.243,0.243
normalized_covariate,HPC_SV,679.8,0.24,0.243
