ESN,target,n_cycles,fixed_buffer,naive_cost,naive_fail,fixed_cost,fixed_fail,symmetric_cost,symmetric_fail,one_sided_cost,one_sided_fail,one_sided_matched_cost,one_sided_matched_fail,normalized_cov_cost,normalized_cov_fail,normalized_cost,normalized_fail,parametric_gaussian_cost,parametric_gaussian_fail,nex_scp_cost,nex_scp_fail,cqr_cost,cqr_fail
101,WW,5,150.0,1540.0,3,990.0,1,1000.0,1,770.0,1,910.0,1,870.0,1,950.0,1,950.0,1,830.0,1,1060.0,1
102,WW,5,150.0,1600.0,3,890.0,1,890.0,1,1240.0,2,840.0,1,1300.0,2,850.0,1,860.0,1,790.0,1,590.0,0
103,WW,5,150.0,1530.0,3,510.0,0,510.0,0,830.0,1,920.0,1,820.0,0,960.0,1,980.0,1,910.0,1,950.0,1
104,WW,5,150.0,1570.0,3,1470.0,2,1470.0,2,1310.0,2,1420.0,2,1440.0,2,1440.0,2,1440.0,2,1370.0,2,1050.0,1
101,HPT_SV,2,180.0,1000.0,2,720.0,1,790.0,1,700.0,1,700.0,1,320.0,0,790.0,1,780.0,1,700.0,1,510.0,1
102,HPT_SV,3,180.0,1500.0,3,1500.0,3,1010.0,2,1500.0,3,1500.0,3,1500.0,3,1010.0,2,1010.0,2,1500.0,3,1500.0,3
103,HPT_SV,3,180.0,1500.0,3,1500.0,3,550.0,1,1500.0,3,1500.0,3,1770.0,2,590.0,1,1010.0,2,1500.0,3,1130.0,2
104,HPT_SV,3,180.0,1500.0,3,1120.0,2,1230.0,2,1040.0,2,1060.0,2,1210.0,2,1230.0,2,1220.0,2,1100.0,2,1500.0,3
101,HPC_SV,1,430.0,500.0,1,500.0,1,500.0,1,500.0,1,500.0,1,500.0,1,500.0,1,500.0,1,500.0,1,500.0,1
102,HPC_SV,2,430.0,1000.0,2,1000.0,2,1000.0,2,1000.0,2,1000.0,2,800.0,1,1000.0,2,850.0,1,1000.0,2,1700.0,1
103,HPC_SV,1,430.0,500.0,1,500.0,1,500.0,1,500.0,1,500.0,1,500.0,1,500.0,1,500.0,1,500.0,1,500.0,1
104,HPC_SV,2,430.0,1000.0,2,1000.0,2,1000.0,2,1000.0,2,1000.0,2,830.0,1,1000.0,2,1000.0,2,1000.0,2,1770.0,1
