target,c_fail,fixed_buffer,naive_cost,fixed_cost,symmetric_cost,one_sided_cost,naive_fail,fixed_fail,symmetric_fail,one_sided_fail,best
WW,25,0.0,540.0,540.0,1970.0,1300.0,12,12,4,6,naive
WW,50,10.0,840.0,840.0,2070.0,1450.0,12,11,4,6,naive
WW,100,30.0,1440.0,1580.0,2270.0,1750.0,12,11,4,6,naive
WW,250,120.0,3240.0,2670.0,2870.0,2650.0,12,5,4,6,one_sided
WW,500,150.0,6240.0,3860.0,3870.0,4150.0,12,4,4,6,fixed
HPT_SV,250,60.0,2750.0,2750.0,2080.0,2490.0,11,11,6,9,symmetric
HPT_SV,500,180.0,5500.0,4840.0,3580.0,4740.0,11,9,6,9,symmetric
HPT_SV,1000,180.0,11000.0,9340.0,6580.0,9240.0,11,9,6,9,symmetric
HPT_SV,2000,180.0,22000.0,18340.0,12580.0,18240.0,11,9,6,9,symmetric
HPT_SV,4000,180.0,44000.0,36340.0,24580.0,36240.0,11,9,6,9,symmetric
HPC_SV,250,0.0,1500.0,1500.0,1500.0,1500.0,6,6,6,6,naive
HPC_SV,500,430.0,3000.0,3000.0,3000.0,3000.0,6,6,6,6,naive
HPC_SV,1000,430.0,6000.0,6000.0,6000.0,6000.0,6,6,6,6,naive
HPC_SV,2000,430.0,12000.0,12000.0,12000.0,12000.0,6,6,6,6,naive
HPC_SV,4000,430.0,24000.0,24000.0,24000.0,24000.0,6,6,6,6,naive
