Loss,Target,Val MAE,Val R²,Val CS,Late %,Mean Bias,Test MAE,Test R²
MSE (default),WW,79.90625803355464,0.8878149690745026,4.274375052339916,56.9375,18.935719254887044,83.95697967631871,0.7291525290287137
MSE (default),HPC,689.2741262566295,0.7310577908887481,15.365467996401321,86.375,617.5044367746807,3012.956551184996,-11.963179044904436
MSE (default),HPT,283.4713807114109,0.8411140509565644,10.875579326954382,94.0,276.8577479145226,986.9048784545661,-1.6009140873648664
Asymmetric only,WW,79.60811432424879,0.8913290365200769,3.0754733484694157,40.6875,-11.467001626927185,78.2681267142308,0.75539099889833
Asymmetric only,HPC,706.3846662619742,0.7192573027177622,16.749639157174958,85.375,610.0003795851718,3004.141551507411,-11.887466741419756
Asymmetric only,HPT,339.1340778943155,0.7838759422877993,14.870619593380377,97.0,334.85283415425306,1032.9238069384357,-1.7786907916824912
Asym + time-weighted,WW,87.96957005377193,0.8709514358513908,2.3679648413386873,32.25,-46.99804905524018,85.98188793170924,0.7557123667535498
Asym + time-weighted,HPC,614.2810446500055,0.763579384551247,13.46532129136623,86.3125,531.7467445623821,2915.996841674841,-11.274218014784342
Asym + time-weighted,HPT,334.4088076432166,0.793673565498558,14.14960212055268,92.125,317.1788718513581,1014.2591564358661,-1.771474877110486
