ESN,target,n_cycles,gate,naive_cost,naive_fail,fixed_cost,fixed_fail,conformal_cost,conformal_fail,scheduled_cost,scheduled_fail,gated_cost,gated_fail
101,WW,5,trust,2500.0,5,860.0,1,1190.0,1,1120.0,1,1190.0,1
102,WW,5,trust,2500.0,5,1310.0,2,620.0,0,1180.0,1,620.0,0
103,WW,5,trust,2500.0,5,920.0,1,630.0,0,1180.0,1,630.0,0
104,WW,5,trust,2500.0,5,1390.0,2,1620.0,2,1520.0,2,1620.0,2
101,HPT_SV,2,trust,1000.0,2,710.0,1,1000.0,2,1730.0,0,1000.0,2
102,HPT_SV,3,trust,1500.0,3,1500.0,3,1500.0,3,2020.0,1,1500.0,3
103,HPT_SV,3,trust,1500.0,3,1130.0,2,1100.0,2,2620.0,2,1100.0,2
104,HPT_SV,3,trust,1500.0,3,1050.0,2,1500.0,3,2390.0,2,1500.0,3
101,HPC_SV,1,fallback,500.0,1,500.0,1,500.0,1,3500.0,0,3500.0,0
102,HPC_SV,2,fallback,1000.0,2,1000.0,2,2130.0,1,2990.0,0,2990.0,0
103,HPC_SV,1,fallback,500.0,1,500.0,1,900.0,0,3500.0,0,3500.0,0
104,HPC_SV,2,fallback,1000.0,2,1000.0,2,2750.0,1,2990.0,0,2990.0,0
