target,window,nominal,half_width,achieved
WW,C,0.9,382.8,0.905
WW,D,0.9,382.8,0.963
WW,E,0.9,382.8,0.902
WW,C,0.85,329.9,0.855
WW,D,0.85,329.9,0.812
WW,E,0.85,329.9,0.842
WW,C,0.8,265.1,0.805
WW,D,0.8,265.1,0.623
WW,E,0.8,265.1,0.758
WW,C,0.75,171.2,0.755
WW,D,0.75,171.2,0.228
WW,E,0.75,171.2,0.51
HPT_SV,C,0.9,349.6,0.905
HPT_SV,D,0.9,349.6,0.84
HPT_SV,E,0.9,349.6,0.286
HPT_SV,C,0.85,333.9,0.855
HPT_SV,D,0.85,333.9,0.807
HPT_SV,E,0.85,333.9,0.271
HPT_SV,C,0.8,307.4,0.805
HPT_SV,D,0.8,307.4,0.772
HPT_SV,E,0.8,307.4,0.234
HPT_SV,C,0.75,286.7,0.755
HPT_SV,D,0.75,286.7,0.765
HPT_SV,E,0.75,286.7,0.192
HPC_SV,C,0.9,492.9,0.905
HPC_SV,D,0.9,492.9,0.507
HPC_SV,E,0.9,492.9,0.19
HPC_SV,C,0.85,459.5,0.855
HPC_SV,D,0.85,459.5,0.5
HPC_SV,E,0.85,459.5,0.175
HPC_SV,C,0.8,440.7,0.805
HPC_SV,D,0.8,440.7,0.497
HPC_SV,E,0.8,440.7,0.166
HPC_SV,C,0.75,424.2,0.755
HPC_SV,D,0.75,424.2,0.495
HPC_SV,E,0.75,424.2,0.159
